onset	duration	sample	trial_type	value
11.954455	4.017859	6996	WL-I	1
21.955523	3.99906	12848	GR-I	1
31.970263	4.007605	18708	WL-I	2
41.954241	4.000769	24550	WL-I	3
51.955309	3.99906	30402	WL-I	4
61.971758	4.000769	36263	GR-I	2
71.959154	4.012732	42107	WL-I	5
81.955095	3.99906	47956	GR-I	3
91.954454	4.017859	53807	WL-I	6
101.972612	3.98197	59669	GR-I	4
111.961717	4.009314	65514	GR-I	5
121.95424	4.000769	71361	WL-I	7
131.972398	3.98197	77223	WL-I	8
141.954667	4.017859	83064	WL-I	9
151.954026	4.017859	88915	GR-I	6
161.968766	4.004187	94775	WL-I	10
171.954453	3.99906	100618	GR-I	7
181.972611	3.98197	106480	WL-I	11
191.97197	4.000769	112331	WL-I	12
201.973038	3.99906	118183	GR-I	8
211.965561	4.005896	124030	GR-I	9
221.963211	4.002478	129880	GR-I	10
231.972824	3.99906	135737	GR-I	11
241.972183	4.000769	141588	GR-I	12
251.971542	4.000769	147439	GR-I	13
261.97261	4.002478	153291	GR-I	14
271.971969	4.000769	159142	WL-I	13
281.973037	4.007605	164994	WL-I	14
291.975814	3.995642	170847	GR-I	15
301.954665	4.014441	176686	WL-I	15
