name	x	y	z	size
L07	n/a	n/a	n/a	n/a
L27	n/a	n/a	n/a	n/a
L16	n/a	n/a	n/a	n/a
L36	n/a	n/a	n/a	n/a
L05	n/a	n/a	n/a	n/a
L25	n/a	n/a	n/a	n/a
L14	n/a	n/a	n/a	n/a
L34	n/a	n/a	n/a	n/a
L03	n/a	n/a	n/a	n/a
L23	n/a	n/a	n/a	n/a
L12	n/a	n/a	n/a	n/a
L01	n/a	n/a	n/a	n/a
L10	n/a	n/a	n/a	n/a
L21	n/a	n/a	n/a	n/a
L32	n/a	n/a	n/a	n/a
L30	n/a	n/a	n/a	n/a
L41	n/a	n/a	n/a	n/a
L43	n/a	n/a	n/a	n/a
L50	n/a	n/a	n/a	n/a
L52	n/a	n/a	n/a	n/a
L61	n/a	n/a	n/a	n/a
L70	n/a	n/a	n/a	n/a
L72	n/a	n/a	n/a	n/a
L63	n/a	n/a	n/a	n/a
L54	n/a	n/a	n/a	n/a
L74	n/a	n/a	n/a	n/a
L45	n/a	n/a	n/a	n/a
L65	n/a	n/a	n/a	n/a
L56	n/a	n/a	n/a	n/a
L76	n/a	n/a	n/a	n/a
L47	n/a	n/a	n/a	n/a
L67	n/a	n/a	n/a	n/a
