filename	acq_time	source_name
ieeg/sub-01_ses-003_task-mappingwe_run-01_desc-bandpass1to250_ieeg.vhdr	n/a	sub-01_ses-003_task-mappingwe_run-01_
ieeg/sub-01_ses-003_task-mappingrewe_run-01_desc-bandpass1to250_ieeg.vhdr	n/a	sub-01_ses-003_task-mappingrewe_run-01_
ieeg/sub-01_ses-003_task-mappingre_run-01_desc-bandpass1to250_ieeg.vhdr	n/a	sub-01_ses-003_task-mappingre_run-01_
ieeg/sub-01_ses-003_task-mappingwe_run-03_desc-bandpass1to250_ieeg.vhdr	n/a	sub-01_ses-003_task-mappingwe_run-03_
ieeg/sub-01_ses-003_task-mappingwe_run-02_desc-bandpass1to250_ieeg.vhdr	n/a	sub-01_ses-003_task-mappingwe_run-02_
ieeg/sub-01_ses-003_task-mappingre_run-02_desc-bandpass1to250_ieeg.vhdr	n/a	sub-01_ses-003_task-mappingre_run-02_
ieeg/sub-01_ses-003_task-mappingre_run-03_desc-bandpass1to250_ieeg.vhdr	n/a	sub-01_ses-003_task-mappingre_run-03_
ieeg/sub-01_ses-003_task-mappingrewe_run-03_desc-bandpass1to250_ieeg.vhdr	n/a	sub-01_ses-003_task-mappingrewe_run-03_
ieeg/sub-01_ses-003_task-mappingrewe_run-02_desc-bandpass1to250_ieeg.vhdr	n/a	sub-01_ses-003_task-mappingrewe_run-02_
ieeg/sub-01_ses-003_task-baselineeo_run-01_ieeg.vhdr	n/a	Baseline[0] run 1 type eo
ieeg/sub-01_ses-003_task-baselineeo_run-03_ieeg.vhdr	n/a	Baseline[1] run 3 type eo
ieeg/sub-01_ses-003_task-baselineeo_run-02_ieeg.vhdr	n/a	Baseline[2] run 2 type eo
