name	type	units	low_cutoff	high_cutoff	sampling_frequency	status	status_description
L07	ECOG	µV	1	250	585.137507314219	good	n/a
L27	ECOG	µV	1	250	585.137507314219	good	n/a
L16	ECOG	µV	1	250	585.137507314219	good	n/a
L36	ECOG	µV	1	250	585.137507314219	good	n/a
L05	ECOG	µV	1	250	585.137507314219	good	n/a
L25	ECOG	µV	1	250	585.137507314219	good	n/a
L14	ECOG	µV	1	250	585.137507314219	good	n/a
L34	ECOG	µV	1	250	585.137507314219	good	n/a
L03	ECOG	µV	1	250	585.137507314219	good	n/a
L23	ECOG	µV	1	250	585.137507314219	good	n/a
L12	ECOG	µV	1	250	585.137507314219	good	n/a
L01	ECOG	µV	1	250	585.137507314219	good	n/a
L10	ECOG	µV	1	250	585.137507314219	good	n/a
L21	ECOG	µV	1	250	585.137507314219	good	n/a
L32	ECOG	µV	1	250	585.137507314219	good	n/a
L30	ECOG	µV	1	250	585.137507314219	good	n/a
L41	ECOG	µV	1	250	585.137507314219	good	n/a
L43	ECOG	µV	1	250	585.137507314219	good	n/a
L50	ECOG	µV	1	250	585.137507314219	good	n/a
L52	ECOG	µV	1	250	585.137507314219	good	n/a
L61	ECOG	µV	1	250	585.137507314219	good	n/a
L70	ECOG	µV	1	250	585.137507314219	good	n/a
L72	ECOG	µV	1	250	585.137507314219	good	n/a
L63	ECOG	µV	1	250	585.137507314219	good	n/a
L54	ECOG	µV	1	250	585.137507314219	good	n/a
L74	ECOG	µV	1	250	585.137507314219	good	n/a
L45	ECOG	µV	1	250	585.137507314219	good	n/a
L65	ECOG	µV	1	250	585.137507314219	good	n/a
L56	ECOG	µV	1	250	585.137507314219	good	n/a
L76	ECOG	µV	1	250	585.137507314219	good	n/a
L47	ECOG	µV	1	250	585.137507314219	good	n/a
L67	ECOG	µV	1	250	585.137507314219	good	n/a
